,precision,recall,f1-score,support
0.0,0.9237536656891495,0.9487951807228916,0.9361069836552749,332.0
1.0,0.9724025974025974,0.9584,0.9653505237711522,625.0
accuracy,0.955067920585162,0.955067920585162,0.955067920585162,0.955067920585162
macro avg,0.9480781315458735,0.9535975903614458,0.9507287537132135,957.0
weighted avg,0.9555254340495517,0.955067920585162,0.9552054293944842,957.0
