,precision,recall,f1-score,support
0.0,0.7424657534246575,0.8162650602409639,0.7776183644189384,332.0
1.0,0.8969594594594594,0.8496,0.8726376335250617,625.0
accuracy,0.8380355276907001,0.8380355276907001,0.8380355276907001,0.8380355276907001
macro avg,0.8197126064420585,0.832932530120482,0.8251279989720001,957.0
weighted avg,0.843362896864314,0.8380355276907001,0.8396737909511507,957.0
