,precision,recall,f1-score,support
0.0,0.9421148587055607,0.9826479676729261,0.9619546247818499,4207.0
1.0,0.9804551539491299,0.9351378958120531,0.9572604888249902,3916.0
accuracy,0.9597439369691001,0.9597439369691001,0.9597439369691001,0.9597439369691001
macro avg,0.9612850063273453,0.9588929317424896,0.95960755680342,8123.0
weighted avg,0.9605982510696892,0.9597439369691001,0.9596916386428541,8123.0
