,precision,recall,f1-score,support
0.0,0.9611266294227188,0.981459472308058,0.9711866400094085,4207.0
1.0,0.9796185001306507,0.9573544433094995,0.9683585173705282,3916.0
accuracy,0.9698387295334236,0.9698387295334236,0.9698387295334236,0.9698387295334236
macro avg,0.9703725647766848,0.9694069578087787,0.9697725786899684,8123.0
weighted avg,0.9700413365127423,0.9698387295334236,0.9698232363095618,8123.0
