,precision,recall,f1-score,support
0.0,0.9423683025664116,0.9950083194675541,0.9679731760897213,4207.0
1.0,0.9942950285248574,0.9346271705822268,0.9635382387784651,3916.0
accuracy,0.9658992982888096,0.9658992982888096,0.9658992982888096,0.9658992982888096
macro avg,0.9683316655456344,0.9648177450248905,0.9657557074340932,8123.0
weighted avg,0.9674015487628014,0.9658992982888096,0.965835146481094,8123.0
