,precision,recall,f1-score,support
0.0,0.9353320118929633,0.8973140004753981,0.9159286667475434,4207.0
1.0,0.8942989968191828,0.9333503575076609,0.9134074721979258,3916.0
accuracy,0.9146866921088268,0.9146866921088268,0.9146866921088268,0.9146866921088268
macro avg,0.9148155043560731,0.9153321789915295,0.9146680694727346,8123.0
weighted avg,0.9155504918844781,0.9146866921088268,0.9147132293652582,8123.0
