,precision,recall,f1-score,support
0.0,0.9422172452407614,1.0,0.9702490774907749,4207.0
1.0,1.0,0.9341164453524005,0.9659360971745445,3916.0
accuracy,0.9682383355902991,0.9682383355902991,0.9682383355902991,0.9682383355902991
macro avg,0.9711086226203807,0.9670582226762002,0.9680925873326598,8123.0
weighted avg,0.9700736120556301,0.9682383355902991,0.9681698418735943,8123.0
