,precision,recall,f1-score,support
0.0,0.9840743198407432,0.971821756225426,0.977909660402242,1526.0
1.0,0.9745260663507109,0.9856201318154584,0.9800417039022937,1669.0
accuracy,0.9790297339593115,0.9790297339593115,0.9790297339593115,0.9790297339593115
macro avg,0.979300193095727,0.9787209440204422,0.9789756821522679,3195.0
weighted avg,0.9790865154354651,0.9790297339593115,0.9790233945498432,3195.0
