,precision,recall,f1-score,support
0.0,0.9879194630872483,0.9646133682830931,0.9761273209549072,1526.0
1.0,0.9683284457478006,0.9892150988615938,0.9786603438055721,1669.0
accuracy,0.9774647887323944,0.9774647887323944,0.9774647887323944,0.9774647887323944
macro avg,0.9781239544175244,0.9769142335723434,0.9773938323802396,3195.0
weighted avg,0.9776855325897403,0.9774647887323944,0.977450518181123,3195.0
